[
  {
    "featureType": "landscape",
    "stylers": [
      {
        "visibility": "off"
      }
    ]
  },
  {
    "featureType": "poi.attraction",
    "stylers": [
      {
        "visibility": "off"
      }
    ]
  },
  {
    "featureType": "poi.business",
    "stylers": [
      {
        "visibility": "off"
      }
    ]
  },
  {
    "featureType": "poi.government",
    "stylers": [
      {
        "visibility": "off"
      }
    ]
  },
  {
    "featureType": "poi.medical",
    "elementType": "labels",
    "stylers": [
      {
        "saturation": 100
      },
      {
        "weight": 8
      }
    ]
  },
  {
    "featureType": "poi.medical",
    "elementType": "labels.icon",
    "stylers": [
      {
        "saturation": 100
      },
      {
        "weight": 8
      }
    ]
  },
  {
    "featureType": "poi.medical",
    "elementType": "labels.text",
    "stylers": [
      {
        "weight": 8
      }
    ]
  },
  {
    "featureType": "poi.medical",
    "elementType": "labels.text.fill",
    "stylers": [
      {
        "weight": 8
      }
    ]
  },
  {
    "featureType": "poi.medical",
    "elementType": "labels.text.stroke",
    "stylers": [
      {
        "saturation": 100
      },
      {
        "weight": 8
      }
    ]
  },
  {
    "featureType": "poi.park",
    "stylers": [
      {
        "visibility": "off"
      }
    ]
  },
  {
    "featureType": "poi.place_of_worship",
    "stylers": [
      {
        "visibility": "off"
      }
    ]
  },
  {
    "featureType": "poi.school",
    "stylers": [
      {
        "visibility": "off"
      }
    ]
  },
  {
    "featureType": "poi.sports_complex",
    "stylers": [
      {
        "visibility": "off"
      }
    ]
  },
  {
    "featureType": "transit",
    "stylers": [
      {
        "visibility": "off"
      }
    ]
  }
]