{
  "project_info": {
    "project_number": "1087708714921",
    "firebase_url": "https://ckdp-androidprojectapp-default-rtdb.asia-southeast1.firebasedatabase.app",
    "project_id": "ckdp-androidprojectapp",
    "storage_bucket": "ckdp-androidprojectapp.appspot.com"
  },
  "client": [
    {
      "client_info": {
        "mobilesdk_app_id": "1:1087708714921:android:7cdca1532ae1c25d5456b8",
        "android_client_info": {
          "package_name": "com.example.csc13009_android_ckdp"
        }
      },
      "oauth_client": [
        {
          "client_id": "1087708714921-0ima3vbk0v7mdd2eapg8sj7034o4g2to.apps.googleusercontent.com",
          "client_type": 1,
          "android_info": {
            "package_name": "com.example.csc13009_android_ckdp",
            "certificate_hash": "5e8afc8a72c394e4b5363adde789dedc176ee31f"
          }
        },
        {
          "client_id": "1087708714921-2aqkkui04lu1r214ocogmgbtf7vr4hub.apps.googleusercontent.com",
          "client_type": 1,
          "android_info": {
            "package_name": "com.example.csc13009_android_ckdp",
            "certificate_hash": "3fd8d510239f160622cf9e7bb4cb449d293915b6"
          }
        },
        {
          "client_id": "1087708714921-imtq1m50fkmensci20njvoi4pi9bsonf.apps.googleusercontent.com",
          "client_type": 1,
          "android_info": {
            "package_name": "com.example.csc13009_android_ckdp",
            "certificate_hash": "63d46d79bf242e7608ea4b403fa7e1f0c0921a48"
          }
        },
        {
          "client_id": "1087708714921-gl0gugr33pac0s43sil1bi5e3eqvcpt2.apps.googleusercontent.com",
          "client_type": 3
        }
      ],
      "api_key": [
        {
          "current_key": "AIzaSyAk25Ov8CmPsYMeNNkbrwrzdVRRXEQkuR0"
        }
      ],
      "services": {
        "appinvite_service": {
          "other_platform_oauth_client": [
            {
              "client_id": "1087708714921-ad4mb71gdtd3s54r04mjh6kf4j65cjvc.apps.googleusercontent.com",
              "client_type": 3
            }
          ]
        }
      }
    }
  ],
  "configuration_version": "1"
}